ID	Title	IconEmoji	IconColorClass	BorderColorClass	Description
1	The Testimony Project	🗣️	text-amber-500	border-amber-500	A powerful platform for sharing real-life recovery stories to...
2	Housing Stability	🏠	text-amber-501	border-amber-501	Providing the essential foundation for recovery. Stable housing enables individuals to pursue economic growth, focus on mental health, and integrate back into the community.
3	Global Summit	🌎	text-amber-502	border-amber-502	Our future vision: A large-scale, worldwide event focused on "Sober is the idea, education is the lesson!" Planned for June 18-29, featuring 13+ stages and diverse activities.
4	Community Outreach	🤝	text-amber-503	border-amber-503	Active engagement with local services, schools, and civic groups to foster a supportive and connected environment for everyone in need.
5	Test	<3	text-amber-504	border-amber-504	This tile exists as a demonstration of the spreadsheet connectivity. [LOCAL]