ID	Quote	Attribution	BorderColorClass
1	Gambling was a leading cause of my struggles, but finding this community gave me back my confidence and my life.	Anonymous	border-amber-500
2	Connecting my mental health with my addiction was the key. The treatment options and support I found here were transformative.	J.D.	border-amber-501
3	As a sobriety advocate, I'm proud to support a group that uplifts those on their journey while fostering understanding for all.	Dean	border-amber-502
4	The housing stability program gave me the solid foundation I needed to restart my life with purpose and dignity.	Sarah.	border-amber-503
5	This tile exists as a test. [LOCAL]	TEST	text-amber-504